<?xml version="1.0" encoding="UTF-8" ?>
<!DOCTYPE mapper
        PUBLIC "-//mybatis.org//DTD Mapper 3.0//EN"
        "http://mybatis.org/dtd/mybatis-3-mapper.dtd">
<mapper namespace="cn.smbms.dao.user.UserMapper">

    <!--根据用户名获得用户-->
    <select id="getUserByUserCode" parameterType="string" resultType="User">
        select * from user_info
        <where>
            <if test="uname!=null and uname!=''">
                uname=#{uname}
            </if>
        </where>
    </select>

    <!--根据用户ID获得用户列表-->
    <select id="getUserByUid" parameterType="int" resultType="User">
        select * from user_info
        <where>
            <if test="uid!=null and uid!=0">
                uid=#{uid}
            </if>
        </where>
    </select>

    <!--根据用户ID获得用户列表-->
    <select id="getUserListByUid" parameterType="int" resultType="string">
        select * from user_info
        <where>
            <if test="uid!=null and uid!=0">
                uid=#{uid}
            </if>
        </where>
    </select>

    <!--根据管理员名获得用户列表-->
    <select id="getUserList" resultType="String">
        select * from user_info
        where 1=1
        <if test="uname!=null and uname!=''">
            and uname like CONCAT('%',#{uname},'%')
        </if>
    </select>


    <!--添加用户-->
    <insert id="addUser">
        insert into user_info(uname,pwd,num,balance)
         values(#{uname},#{pwd},#{num},#{balance})
    </insert>

    <!--分页查询用户-->
    <select id="getUserList_page" resultType="User">
        select * from user_info
        where 1=1
        <if test="uname!=null and uname!=''">
            and uname like CONCAT('%',#{uname},'%')
        </if>
        limit #{from},#{pageSize}
    </select>

    <!--查询用户总记录数-->
    <select id="getUserCount" resultType="int" >
        select count(1) from user_info
        where 1=1
        <if test="uname!=null and uname!=''">
            and uname like CONCAT('%',#{uname},'%')
        </if>
    </select>

    <!--修改用户信息-->
    <update id="updateUser" parameterType="User">
        update user_info
        <trim prefix="set" suffix="where uid=#{uid}" suffixOverrides="," >
            <if test="uname!=null and uname!=''">uname=#{uname},</if>
            <if test="pwd!=null and pwd!=''">pwd=#{pwd},</if>
            <if test="balance!=null and balance!=''">balance=#{balance},</if>
        </trim>
    </update>

    <!--无条件获得用户列表-->
    <select id="getUserListNone" resultType="User">
        select * from user_info
    </select>

    <!--删除用户根据id-->
    <delete id="deleteUser" parameterType="int">
        delete from user_info
        where uid=#{uid}
    </delete>

    <!--添加用户-->
    <insert id="add" parameterType="User">
          insert into user_info(uname,pwd)
         values(#{uname},#{pwd})
     </insert>

    <!--修改当前用户的密码-@Param-->
    <update id="updatePassword">
        update user_info set pwd=#{pwd} where uname=#{uname}
    </update>

</mapper>