<?xml version="1.0" encoding="UTF-8" ?>
<!DOCTYPE mapper
        PUBLIC "-//mybatis.org//DTD Mapper 3.0//EN"
        "http://mybatis.org/dtd/mybatis-3-mapper.dtd">
<mapper namespace="cn.smbms.dao.user.User_StudentMapper">

    <!--根据用户ID获得用户-->
    <select id="getUserList" parameterType="int" resultType="string">
        select * from user_info
        <where>
            <if test="uid!=null and uid!=''">
                uid=#{uid}
            </if>
        </where>
    </select>

    <!--根据用户ID获得用户-->
    <select id="getUser" parameterType="int" resultType="User">
        select * from user_info
        <where>
            <if test="uid!=null and uid!=''">
                uid=#{uid}
            </if>
        </where>
    </select>

</mapper>